architecture,model,dataset,chunk_size_kb,burst_enabled,chunks_produced,chunks_processed,chunks_persisted,duration_s,avg_latency_ms,throughput_chunks_per_s,throughput_tokens_per_s,success_rate,total_tokens,error_count,timestamp
architecture1,Qwen/Qwen2.5-1.5B-Instruct,cc_news,0.5,False,200,200,200,140.07904529571533,700.3952264785767,1.4277652990694498,220.097159678051,1.0,30831,0,2025-10-25 06:53:33
architecture1,Qwen/Qwen2.5-1.5B-Instruct,cc_news,0.5,True,200,200,200,140.00857067108154,700.0428533554077,1.4284839780977034,220.20794764365147,1.0,30831,0,2025-10-25 06:55:56
architecture1,Qwen/Qwen2.5-1.5B-Instruct,cc_news,0.5,True,200,200,200,133.48800992965698,667.4400496482849,1.4982619046114498,230.96456390537804,1.0,30831,0,2025-10-25 06:58:18
architecture1,Qwen/Qwen2.5-1.5B-Instruct,cc_news,0.5,True,200,200,200,134.56856989860535,672.8428494930267,1.4862311470701954,229.10996247660597,1.0,30831,0,2025-10-25 07:00:33
architecture1,Qwen/Qwen2.5-1.5B-Instruct,cc_news,0.5,True,200,200,200,134.76137948036194,673.8068974018097,1.4841047247453039,228.78216384311233,1.0,30831,0,2025-10-25 07:02:50
architecture1,Qwen/Qwen2.5-1.5B-Instruct,cc_news,0.5,True,200,200,200,133.86849856376648,669.3424928188324,1.4940034597066363,230.30810333107652,1.0,30831,0,2025-10-25 07:05:07
architecture1,Qwen/Qwen2.5-1.5B-Instruct,cc_news,0.5,True,200,200,200,135.30073857307434,676.5036928653717,1.478188531040297,227.870153002517,1.0,30831,0,2025-10-25 07:07:23
architecture1,Qwen/Qwen2.5-1.5B-Instruct,cc_news,0.5,True,200,200,200,135.36870336532593,676.8435168266296,1.4774463744418866,227.75574585208903,1.0,30831,0,2025-10-25 07:09:40
architecture1,Qwen/Qwen2.5-1.5B-Instruct,cc_news,0.5,True,200,200,200,133.45956325531006,667.2978162765503,1.4985812565368368,231.01379360143608,1.0,30831,0,2025-10-25 07:11:58
architecture1,Qwen/Qwen2.5-1.5B-Instruct,cc_news,1.0,False,200,200,200,209.35632872581482,1046.781643629074,0.9553090714631874,262.98225773774357,1.0,55057,0,2025-10-25 07:14:14
architecture1,Qwen/Qwen2.5-1.5B-Instruct,cc_news,1.0,True,200,200,200,207.08240294456482,1035.412014722824,0.965799107776141,265.870007384155,1.0,55057,0,2025-10-25 07:17:45
architecture1,Qwen/Qwen2.5-1.5B-Instruct,cc_news,1.0,True,200,200,200,208.87983345985413,1044.3991672992706,0.9574883160678085,263.5821710887266,1.0,55057,0,2025-10-25 07:21:14
architecture1,Qwen/Qwen2.5-1.5B-Instruct,cc_news,1.0,True,200,200,200,209.99849152565002,1049.9924576282501,0.9523877935836088,262.17807375666376,1.0,55057,0,2025-10-25 07:24:45
architecture1,Qwen/Qwen2.5-1.5B-Instruct,cc_news,1.0,True,200,200,200,209.79049682617188,1048.9524841308594,0.9533320289799204,262.4380075977374,1.0,55057,0,2025-10-25 07:28:17
architecture1,Qwen/Qwen2.5-1.5B-Instruct,cc_news,1.0,True,200,200,200,205.8000190258026,1029.000095129013,0.9718172085053334,267.52670024339074,1.0,55057,0,2025-10-25 07:31:49
architecture1,Qwen/Qwen2.5-1.5B-Instruct,cc_news,1.0,True,200,200,200,206.05719089508057,1030.2859544754028,0.9706043216993833,267.19281069901473,1.0,55057,0,2025-10-25 07:35:17
architecture1,Qwen/Qwen2.5-1.5B-Instruct,cc_news,1.0,True,200,200,200,205.8334939479828,1029.167469739914,0.9716591608290097,267.48319208881395,1.0,55057,0,2025-10-25 07:38:46
architecture1,Qwen/Qwen2.5-1.5B-Instruct,cc_news,1.0,True,200,200,200,207.45027780532837,1037.2513890266418,0.9640864409334765,265.3985358923721,1.0,55057,0,2025-10-25 07:42:14
architecture1,Qwen/Qwen2.5-1.5B-Instruct,cc_news,2.0,False,200,200,200,324.609650850296,1623.04825425148,0.6161246268436926,280.71870248252327,1.0,91124,0,2025-10-25 07:45:43
architecture1,Qwen/Qwen2.5-1.5B-Instruct,cc_news,2.0,True,200,200,200,327.4040882587433,1637.0204412937164,0.6108659212646805,278.32273104661374,1.0,91124,0,2025-10-25 07:51:10
architecture1,Qwen/Qwen2.5-1.5B-Instruct,cc_news,2.0,True,200,0,0,1212.8747780323029,1212874.7780323029,0.0,75.13059192131462,0.0,91124,0,2025-10-25 07:56:40
architecture1,Qwen/Qwen2.5-1.5B-Instruct,cc_news,2.0,True,200,200,200,325.92378544807434,1629.6189272403717,0.6136403936430828,279.5868361516614,1.0,91124,0,2025-10-25 08:16:55
architecture1,Qwen/Qwen2.5-1.5B-Instruct,cc_news,2.0,True,200,0,0,1212.4775598049164,1212477.5598049164,0.0,75.15520535873797,0.0,91124,0,2025-10-25 08:22:23
architecture1,Qwen/Qwen2.5-1.5B-Instruct,cc_news,2.0,True,200,200,200,322.6934015750885,1613.4670078754425,0.6197833578988178,282.3856935258593,1.0,91124,0,2025-10-25 08:42:37
architecture1,Qwen/Qwen2.5-1.5B-Instruct,cc_news,2.0,True,200,0,0,1211.45174574852,1211451.74574852,0.0,75.21884410154298,0.0,91124,0,2025-10-25 08:48:02
architecture1,Qwen/Qwen2.5-1.5B-Instruct,cc_news,2.0,True,200,200,200,320.07529377937317,1600.3764688968658,0.6248529764307873,284.6955131213953,1.0,91124,0,2025-10-25 09:08:16
architecture1,Qwen/Qwen2.5-1.5B-Instruct,cc_news,2.0,True,200,0,0,1212.6319930553436,1212631.9930553436,0.0,75.14563406034198,0.0,91124,0,2025-10-25 09:13:38
architecture1,Qwen/Qwen2.5-1.5B-Instruct,cc_news,4.0,False,200,200,200,428.27798438072205,2141.3899219036102,0.4669864137172365,279.2041719653299,1.0,119577,0,2025-10-25 09:33:53
architecture1,Qwen/Qwen2.5-1.5B-Instruct,cc_news,4.0,True,200,0,0,1211.1780395507812,1211178.0395507812,0.0,98.72784685259849,0.0,119577,0,2025-10-25 09:41:03
architecture1,Qwen/Qwen2.5-1.5B-Instruct,cc_news,4.0,True,200,200,200,424.78377771377563,2123.918888568878,0.4708277728410862,281.50086296509284,1.0,119577,0,2025-10-25 10:01:17
architecture1,Qwen/Qwen2.5-1.5B-Instruct,cc_news,4.0,True,200,0,0,1212.822604894638,1212822.604894638,0.0,98.59397369196301,0.0,119577,0,2025-10-25 10:08:24
architecture1,Qwen/Qwen2.5-1.5B-Instruct,cc_news,4.0,True,200,200,200,429.16870164871216,2145.843508243561,0.46601720775926053,278.6246982611455,1.0,119577,0,2025-10-25 10:28:39
architecture1,Qwen/Qwen2.5-1.5B-Instruct,cc_news,4.0,True,200,0,0,1211.653522014618,1211653.522014618,0.0,98.68910363185275,0.0,119577,0,2025-10-25 10:35:50
architecture1,Qwen/Qwen2.5-1.5B-Instruct,cc_news,4.0,True,200,200,200,425.78327894210815,2128.9163947105408,0.4697225323101359,280.8400562302456,1.0,119577,0,2025-10-25 10:56:04
architecture1,Qwen/Qwen2.5-1.5B-Instruct,cc_news,4.0,True,200,0,0,1211.4066631793976,1211406.6631793976,0.0,98.70921436585479,0.0,119577,0,2025-10-25 11:03:12
architecture1,Qwen/Qwen2.5-1.5B-Instruct,cc_news,4.0,True,200,200,200,430.89554047584534,2154.4777023792267,0.4641496168169589,277.50809365060746,1.0,119577,0,2025-10-25 11:23:25
architecture1,Qwen/Qwen2.5-1.5B-Instruct,cc_news,8.0,False,200,0,0,1212.1054854393005,1212105.4854393005,0.0,108.59120891800586,0.0,131624,0,2025-10-25 11:30:39
architecture1,Qwen/Qwen2.5-1.5B-Instruct,cc_news,8.0,True,200,200,200,476.8110535144806,2384.055267572403,0.4194533631840942,276.05064737871606,1.0,131624,0,2025-10-25 11:50:53
architecture1,Qwen/Qwen2.5-1.5B-Instruct,cc_news,8.0,True,200,200,200,472.16569662094116,2360.828483104706,0.4235801148437977,278.76654518100014,1.0,131624,0,2025-10-25 11:58:52
architecture1,Qwen/Qwen2.5-1.5B-Instruct,cc_news,8.0,True,200,200,200,469.93196415901184,2349.659820795059,0.42559352258133604,280.09160908122885,1.0,131624,0,2025-10-25 12:06:46
architecture1,Qwen/Qwen2.5-1.5B-Instruct,cc_news,8.0,True,200,200,200,470.9502136707306,2354.751068353653,0.42467333954716485,279.4860182227801,1.0,131624,0,2025-10-25 12:14:38
architecture1,Qwen/Qwen2.5-1.5B-Instruct,cc_news,8.0,True,200,200,200,471.83972215652466,2359.1986107826233,0.4238727487501645,278.95913340745824,1.0,131624,0,2025-10-25 12:22:31
architecture1,Qwen/Qwen2.5-1.5B-Instruct,cc_news,8.0,True,200,200,200,471.12884497642517,2355.644224882126,0.4245123221228533,279.3800494354922,1.0,131624,0,2025-10-25 12:30:25
architecture1,Qwen/Qwen2.5-1.5B-Instruct,cc_news,8.0,True,200,200,200,476.4677436351776,2382.338718175888,0.4197555924229285,276.2495504853777,1.0,131624,0,2025-10-25 12:38:19
architecture1,Qwen/Qwen2.5-1.5B-Instruct,cc_news,8.0,True,200,200,200,476.06399488449097,2380.319974422455,0.4201115861503592,276.4838370772744,1.0,131624,0,2025-10-25 12:46:17
architecture1,Qwen/Qwen2.5-1.5B-Instruct,cc_news,16.0,False,200,200,200,485.00130009651184,2425.006500482559,0.4123700286168334,273.78070939928807,1.0,132784,0,2025-10-25 12:54:15
architecture1,Qwen/Qwen2.5-1.5B-Instruct,cc_news,16.0,True,200,200,200,483.1684420108795,2415.8422100543976,0.4139343189874487,274.8192730621469,1.0,132784,0,2025-10-25 13:02:23
architecture1,Qwen/Qwen2.5-1.5B-Instruct,cc_news,16.0,True,200,200,200,482.52312421798706,2412.6156210899353,0.41448790733943564,275.18681144079807,1.0,132784,0,2025-10-25 13:10:28
architecture1,Qwen/Qwen2.5-1.5B-Instruct,cc_news,16.0,True,200,200,200,483.21316623687744,2416.065831184387,0.4138960069270078,274.793836918979,1.0,132784,0,2025-10-25 13:18:32
architecture1,Qwen/Qwen2.5-1.5B-Instruct,cc_news,16.0,True,200,200,200,479.9301519393921,2399.6507596969604,0.41672730748798,276.6735939874197,1.0,132784,0,2025-10-25 13:26:38
architecture1,Qwen/Qwen2.5-1.5B-Instruct,cc_news,16.0,True,200,200,200,483.92302894592285,2419.6151447296143,0.4132888662803222,274.3907441008315,1.0,132784,0,2025-10-25 13:34:40
architecture1,Qwen/Qwen2.5-1.5B-Instruct,cc_news,16.0,True,200,200,200,485.03907346725464,2425.195367336273,0.41233791449072227,273.7593881886803,1.0,132784,0,2025-10-25 13:42:46
architecture1,Qwen/Qwen2.5-1.5B-Instruct,cc_news,16.0,True,200,200,200,485.5730290412903,2427.8651452064514,0.41188449118534787,273.4583513877762,1.0,132784,0,2025-10-25 13:50:53
architecture1,Qwen/Qwen2.5-1.5B-Instruct,cc_news,16.0,True,200,200,200,483.4421138763428,2417.210569381714,0.413699994806735,274.6637005520875,1.0,132784,0,2025-10-25 13:59:01
architecture1,Qwen/Qwen2.5-1.5B-Instruct,cc_news,32.0,False,200,200,200,488.3332827091217,2441.6664135456085,0.40955635645078703,272.77682008691767,1.0,133206,0,2025-10-25 14:07:06
architecture1,Qwen/Qwen2.5-1.5B-Instruct,cc_news,32.0,True,200,200,200,490.70658564567566,2453.5329282283783,0.4075755366862224,271.45753469912466,1.0,133206,0,2025-10-25 14:15:17
architecture1,Qwen/Qwen2.5-1.5B-Instruct,cc_news,32.0,True,200,200,200,490.92683148384094,2454.6341574192047,0.4073926849658921,271.3357499678331,1.0,133206,0,2025-10-25 14:23:30
architecture1,Qwen/Qwen2.5-1.5B-Instruct,cc_news,32.0,True,200,200,200,493.5067162513733,2467.5335812568665,0.40526297497869856,269.9172992250626,1.0,133206,0,2025-10-25 14:31:43
architecture1,Qwen/Qwen2.5-1.5B-Instruct,cc_news,32.0,True,200,200,200,491.7913432121277,2458.9567160606384,0.40667653621900507,270.85877341794395,1.0,133206,0,2025-10-25 14:39:59
architecture1,Qwen/Qwen2.5-1.5B-Instruct,cc_news,32.0,True,200,200,200,489.0183651447296,2445.091825723648,0.4089825950418204,272.3946777757036,1.0,133206,0,2025-10-25 14:48:12
architecture1,Qwen/Qwen2.5-1.5B-Instruct,cc_news,32.0,True,200,200,200,492.0351436138153,2460.1757180690765,0.40647503048476236,270.72456455376624,1.0,133206,0,2025-10-25 14:56:24
architecture1,Qwen/Qwen2.5-1.5B-Instruct,cc_news,32.0,True,200,200,200,490.83000683784485,2454.1500341892242,0.40747305016759877,271.3892756031258,1.0,133206,0,2025-10-25 15:04:38
architecture1,Qwen/Qwen2.5-1.5B-Instruct,cc_news,32.0,True,200,200,200,489.35760617256165,2446.7880308628082,0.4086990729831922,272.2058435789955,1.0,133206,0,2025-10-25 15:12:51
architecture1,Qwen/Qwen2.5-1.5B-Instruct,cc_news,64.0,False,200,200,200,494.5767242908478,2472.883621454239,0.4043861956641234,270.67994392973765,1.0,133872,0,2025-10-25 15:21:02
architecture1,Qwen/Qwen2.5-1.5B-Instruct,cc_news,64.0,True,200,200,200,495.96344804763794,2479.8172402381897,0.4032555237433339,269.92311737283796,1.0,133872,0,2025-10-25 15:29:19
architecture1,Qwen/Qwen2.5-1.5B-Instruct,cc_news,64.0,True,200,200,200,497.85835099220276,2489.291754961014,0.4017206894318668,268.89576067811436,1.0,133872,0,2025-10-25 15:37:37
architecture1,Qwen/Qwen2.5-1.5B-Instruct,cc_news,64.0,True,200,200,200,495.7067868709564,2478.533934354782,0.40346431660227494,270.0628749608988,1.0,133872,0,2025-10-25 15:45:57
architecture1,Qwen/Qwen2.5-1.5B-Instruct,cc_news,64.0,True,200,200,200,496.39393734931946,2481.9696867465973,0.40290580716592667,269.6890310845847,1.0,133872,0,2025-10-25 15:54:15
architecture1,Qwen/Qwen2.5-1.5B-Instruct,cc_news,64.0,True,200,200,200,500.75745272636414,2503.7872636318207,0.39939495440577855,267.3390066810519,1.0,133872,0,2025-10-25 16:02:34
architecture1,Qwen/Qwen2.5-1.5B-Instruct,cc_news,64.0,True,200,200,200,500.6153185367584,2503.076592683792,0.39950835021304826,267.414909298606,1.0,133872,0,2025-10-25 16:10:56
architecture1,Qwen/Qwen2.5-1.5B-Instruct,cc_news,64.0,True,200,200,200,504.9627733230591,2524.8138666152954,0.3960688006441346,265.1126123991579,1.0,133872,0,2025-10-25 16:19:19
architecture1,Qwen/Qwen2.5-1.5B-Instruct,cc_news,64.0,True,200,200,200,501.65620851516724,2508.281042575836,0.39867940754081815,266.860048231522,1.0,133872,0,2025-10-25 16:27:46
architecture1,Qwen/Qwen2.5-1.5B-Instruct,cc_news,80.0,False,200,200,200,496.1475942134857,2480.7379710674286,0.40310585465409443,269.82293487126464,1.0,133872,0,2025-10-25 16:36:10
architecture1,Qwen/Qwen2.5-1.5B-Instruct,cc_news,80.0,True,200,200,200,495.0700912475586,2475.350456237793,0.40398320063328264,270.41019517589405,1.0,133872,0,2025-10-25 16:44:28
architecture1,Qwen/Qwen2.5-1.5B-Instruct,cc_news,80.0,True,200,200,200,494.9544105529785,2474.7720527648926,0.40407761954591687,270.4733954192549,1.0,133872,0,2025-10-25 16:52:46
architecture1,Qwen/Qwen2.5-1.5B-Instruct,cc_news,80.0,True,200,200,200,494.3889694213867,2471.9448471069336,0.4045397700399183,270.7827404739197,1.0,133872,0,2025-10-25 17:01:03
architecture1,Qwen/Qwen2.5-1.5B-Instruct,cc_news,80.0,True,200,200,200,496.71657538414,2483.5828769207,0.40264410311922505,269.5138568638845,1.0,133872,0,2025-10-25 17:09:19
architecture1,Qwen/Qwen2.5-1.5B-Instruct,cc_news,80.0,True,200,200,200,498.63794898986816,2493.189744949341,0.4010926172088515,268.47535425491685,1.0,133872,0,2025-10-25 17:17:38
architecture1,Qwen/Qwen2.5-1.5B-Instruct,cc_news,80.0,True,200,200,200,498.65021991729736,2493.251099586487,0.40108274700685104,268.4687475365058,1.0,133872,0,2025-10-25 17:25:59
architecture1,Qwen/Qwen2.5-1.5B-Instruct,cc_news,80.0,True,200,200,200,498.57784032821655,2492.8892016410828,0.40114097302908386,268.5077217067476,1.0,133872,0,2025-10-25 17:34:20
architecture1,Qwen/Qwen2.5-1.5B-Instruct,cc_news,80.0,True,200,200,200,502.77145767211914,2513.8572883605957,0.39779505568199813,266.26809847130227,1.0,133872,0,2025-10-25 17:42:40
architecture1,Qwen/Qwen2.5-1.5B-Instruct,arxiv,0.5,False,34,34,34,26.27319359779358,772.7409881703994,1.2940946776586504,147.336485212254,1.0,3871,0,2025-10-25 17:51:05
architecture1,Qwen/Qwen2.5-1.5B-Instruct,arxiv,0.5,True,34,34,34,26.028218030929565,765.5358244391049,1.3062745962707665,148.72320476953342,1.0,3871,0,2025-10-25 17:51:34
architecture1,Qwen/Qwen2.5-1.5B-Instruct,arxiv,0.5,True,34,34,34,27.166139841079712,799.0041129729327,1.2515580129859436,142.49356083142905,1.0,3871,0,2025-10-25 17:52:02
architecture1,Qwen/Qwen2.5-1.5B-Instruct,arxiv,0.5,True,34,34,34,26.747263193130493,786.6842115626615,1.271158090250229,144.72508727525403,1.0,3871,0,2025-10-25 17:52:31
architecture1,Qwen/Qwen2.5-1.5B-Instruct,arxiv,0.5,True,34,34,34,26.596371173858643,782.2462109958424,1.2783698865437072,145.5461714944321,1.0,3871,0,2025-10-25 17:53:00
architecture1,Qwen/Qwen2.5-1.5B-Instruct,arxiv,0.5,True,34,34,34,26.652451038360596,783.8956187753116,1.2756800472520953,145.23992537979,1.0,3871,0,2025-10-25 17:53:29
architecture1,Qwen/Qwen2.5-1.5B-Instruct,arxiv,0.5,True,34,34,34,26.58561134338379,781.9297453936408,1.2788872733017436,145.6050774985603,1.0,3871,0,2025-10-25 17:53:58
architecture1,Qwen/Qwen2.5-1.5B-Instruct,arxiv,0.5,True,34,34,34,26.803400993347168,788.3353233337402,1.2684957408367352,144.4219709640883,1.0,3871,0,2025-10-25 17:54:26
architecture1,Qwen/Qwen2.5-1.5B-Instruct,arxiv,0.5,True,34,34,34,26.82786989212036,789.0549968270694,1.2673387837618137,144.29024799829355,1.0,3871,0,2025-10-25 17:54:55
architecture1,Qwen/Qwen2.5-1.5B-Instruct,arxiv,1.0,False,22,22,22,20.888381958007812,949.4719071821733,1.053217048799035,185.70131510415715,1.0,3879,0,2025-10-25 17:55:24
architecture1,Qwen/Qwen2.5-1.5B-Instruct,arxiv,1.0,True,22,22,22,26.629039525985718,1210.4108875448053,0.8261657345369701,145.66804019404123,1.0,3879,0,2025-10-25 17:55:47
architecture1,Qwen/Qwen2.5-1.5B-Instruct,arxiv,1.0,True,22,22,22,22.584550380706787,1026.5704718503084,0.974117245158613,171.75458154410273,1.0,3879,0,2025-10-25 17:56:16
architecture1,Qwen/Qwen2.5-1.5B-Instruct,arxiv,1.0,True,22,22,22,26.664092302322388,1212.0041955601084,0.8250796520864071,145.47654411105333,1.0,3879,0,2025-10-25 17:56:41
architecture1,Qwen/Qwen2.5-1.5B-Instruct,arxiv,1.0,True,22,22,22,22.483913898468018,1021.9960862940007,0.9784773282510661,172.52334346754026,1.0,3879,0,2025-10-25 17:57:10
architecture1,Qwen/Qwen2.5-1.5B-Instruct,arxiv,1.0,True,22,22,22,22.139885663986206,1006.3584392721003,0.9936817350320037,175.2041568267792,1.0,3879,0,2025-10-25 17:57:34
architecture1,Qwen/Qwen2.5-1.5B-Instruct,arxiv,1.0,True,22,22,22,22.170663833618164,1007.7574469826438,0.99230226776704,174.96093166674308,1.0,3879,0,2025-10-25 17:57:59
architecture1,Qwen/Qwen2.5-1.5B-Instruct,arxiv,1.0,True,22,22,22,22.12046241760254,1005.4755644364791,0.9945542540961223,175.3579978017663,1.0,3879,0,2025-10-25 17:58:23
architecture1,Qwen/Qwen2.5-1.5B-Instruct,arxiv,1.0,True,22,22,22,21.97219181060791,998.7359913912686,1.0012656083485791,176.5413315810972,1.0,3879,0,2025-10-25 17:58:47
architecture1,Qwen/Qwen2.5-1.5B-Instruct,arxiv,2.0,False,20,20,20,21.762418746948242,1088.120937347412,0.9190154932941272,178.28900569906068,1.0,3880,0,2025-10-25 17:59:11
architecture1,Qwen/Qwen2.5-1.5B-Instruct,arxiv,2.0,True,20,20,20,21.93238067626953,1096.6190338134766,0.9118937107287977,176.90737988138676,1.0,3880,0,2025-10-25 17:59:35
architecture1,Qwen/Qwen2.5-1.5B-Instruct,arxiv,2.0,True,20,20,20,21.995726585388184,1099.7863292694092,0.9092675307796402,176.39790097125018,1.0,3880,0,2025-10-25 17:59:59
architecture1,Qwen/Qwen2.5-1.5B-Instruct,arxiv,2.0,True,20,20,20,21.76044225692749,1088.0221128463745,0.9190989670089518,178.30519959973665,1.0,3880,0,2025-10-25 18:00:23
architecture1,Qwen/Qwen2.5-1.5B-Instruct,arxiv,2.0,True,20,20,20,21.829387426376343,1091.4693713188171,0.9161961171587479,177.7420467287971,1.0,3880,0,2025-10-25 18:00:47
architecture1,Qwen/Qwen2.5-1.5B-Instruct,arxiv,2.0,True,20,20,20,21.911683320999146,1095.5841660499573,0.9127550680158344,177.07448319507188,1.0,3880,0,2025-10-25 18:01:11
architecture1,Qwen/Qwen2.5-1.5B-Instruct,arxiv,2.0,True,20,20,20,21.82067847251892,1091.033923625946,0.9165617845104178,177.81298619502107,1.0,3880,0,2025-10-25 18:01:35
architecture1,Qwen/Qwen2.5-1.5B-Instruct,arxiv,2.0,True,20,20,20,22.41852331161499,1120.9261655807495,0.892119419374872,173.07116735872518,1.0,3880,0,2025-10-25 18:01:59
architecture1,Qwen/Qwen2.5-1.5B-Instruct,arxiv,2.0,True,20,20,20,22.280033349990845,1114.0016674995422,0.8976647245462143,174.14695656196557,1.0,3880,0,2025-10-25 18:02:24
architecture1,Qwen/Qwen2.5-1.5B-Instruct,arxiv,4.0,False,20,20,20,22.379822492599487,1118.9911246299744,0.8936621372494602,173.3704546263953,1.0,3880,0,2025-10-25 18:02:48
architecture1,Qwen/Qwen2.5-1.5B-Instruct,arxiv,4.0,True,20,20,20,22.37770652770996,1118.885326385498,0.89374663910416,173.38684798620704,1.0,3880,0,2025-10-25 18:03:13
architecture1,Qwen/Qwen2.5-1.5B-Instruct,arxiv,4.0,True,20,20,20,22.280232906341553,1114.0116453170776,0.8976566844733236,174.14539678782478,1.0,3880,0,2025-10-25 18:03:37
architecture1,Qwen/Qwen2.5-1.5B-Instruct,arxiv,4.0,True,20,20,20,22.263277292251587,1113.1638646125793,0.8983403358570533,174.27802515626834,1.0,3880,0,2025-10-25 18:04:02
architecture1,Qwen/Qwen2.5-1.5B-Instruct,arxiv,4.0,True,20,20,20,22.37670135498047,1118.8350677490234,0.893786786654706,173.39463661101297,1.0,3880,0,2025-10-25 18:04:26
architecture1,Qwen/Qwen2.5-1.5B-Instruct,arxiv,4.0,True,20,20,20,22.412444829940796,1120.6222414970398,0.8923613711825847,173.11810600942144,1.0,3880,0,2025-10-25 18:04:51
architecture1,Qwen/Qwen2.5-1.5B-Instruct,arxiv,4.0,True,20,20,20,22.426944255828857,1121.3472127914429,0.8917844433845202,173.0061820165969,1.0,3880,0,2025-10-25 18:05:15
architecture1,Qwen/Qwen2.5-1.5B-Instruct,arxiv,4.0,True,20,20,20,22.331435441970825,1116.5717720985413,0.8955984962082192,173.74610826439454,1.0,3880,0,2025-10-25 18:05:40
architecture1,Qwen/Qwen2.5-1.5B-Instruct,arxiv,4.0,True,20,20,20,22.279173851013184,1113.9586925506592,0.8976993551801054,174.15367490494043,1.0,3880,0,2025-10-25 18:06:04
architecture1,Qwen/Qwen2.5-1.5B-Instruct,arxiv,8.0,False,20,20,20,22.442134141921997,1122.1067070960999,0.8911808419610111,172.88908334043617,1.0,3880,0,2025-10-25 18:06:29
architecture1,Qwen/Qwen2.5-1.5B-Instruct,arxiv,8.0,True,20,20,20,22.517877340316772,1125.8938670158386,0.88818318430891,172.30753775592854,1.0,3880,0,2025-10-25 18:06:53
architecture1,Qwen/Qwen2.5-1.5B-Instruct,arxiv,8.0,True,20,20,20,22.305878400802612,1115.2939200401306,0.8966246314370815,173.9451784987938,1.0,3880,0,2025-10-25 18:07:18
architecture1,Qwen/Qwen2.5-1.5B-Instruct,arxiv,8.0,True,20,20,20,22.334643363952637,1116.7321681976318,0.8954698615102727,173.72115313299292,1.0,3880,0,2025-10-25 18:07:42
architecture1,Qwen/Qwen2.5-1.5B-Instruct,arxiv,8.0,True,20,20,20,22.2041757106781,1110.208785533905,0.900731477745508,174.74190668262855,1.0,3880,0,2025-10-25 18:08:07
architecture1,Qwen/Qwen2.5-1.5B-Instruct,arxiv,8.0,True,20,20,20,22.486332654953003,1124.3166327476501,0.8894291615664884,172.54925734389877,1.0,3880,0,2025-10-25 18:08:31
architecture1,Qwen/Qwen2.5-1.5B-Instruct,arxiv,8.0,True,20,20,20,22.4514000415802,1122.57000207901,0.890813043416438,172.81773042278897,1.0,3880,0,2025-10-25 18:08:56
architecture1,Qwen/Qwen2.5-1.5B-Instruct,arxiv,8.0,True,20,20,20,22.126920700073242,1106.346035003662,0.9038763355776748,175.3520091020689,1.0,3880,0,2025-10-25 18:09:21
architecture1,Qwen/Qwen2.5-1.5B-Instruct,arxiv,8.0,True,20,20,20,22.153388261795044,1107.6694130897522,0.9027964374411881,175.14250886359048,1.0,3880,0,2025-10-25 18:09:45
architecture1,Qwen/Qwen2.5-1.5B-Instruct,arxiv,16.0,False,20,20,20,22.29317879676819,1114.6589398384094,0.8971354055124419,174.04426866941373,1.0,3880,0,2025-10-25 18:10:09
architecture1,Qwen/Qwen2.5-1.5B-Instruct,arxiv,16.0,True,20,20,20,22.168792486190796,1108.4396243095398,0.9021691196062319,175.020809203609,1.0,3880,0,2025-10-25 18:10:34
architecture1,Qwen/Qwen2.5-1.5B-Instruct,arxiv,16.0,True,20,20,20,21.708313465118408,1085.4156732559204,0.9213060255526815,178.73336895722022,1.0,3880,0,2025-10-25 18:10:58
architecture1,Qwen/Qwen2.5-1.5B-Instruct,arxiv,16.0,True,20,20,20,21.61972999572754,1080.986499786377,0.9250809332009406,179.46570104098248,1.0,3880,0,2025-10-25 18:11:22
architecture1,Qwen/Qwen2.5-1.5B-Instruct,arxiv,16.0,True,20,20,20,21.666020154953003,1083.3010077476501,0.9231044675931339,179.08226671306798,1.0,3880,0,2025-10-25 18:11:46
architecture1,Qwen/Qwen2.5-1.5B-Instruct,arxiv,16.0,True,20,20,20,21.972705364227295,1098.6352682113647,0.9102201876588687,176.58271640582052,1.0,3880,0,2025-10-25 18:12:09
architecture1,Qwen/Qwen2.5-1.5B-Instruct,arxiv,16.0,True,20,20,20,21.902552127838135,1095.1276063919067,0.913135596402942,177.14830570217075,1.0,3880,0,2025-10-25 18:12:33
architecture1,Qwen/Qwen2.5-1.5B-Instruct,arxiv,16.0,True,20,20,20,21.761645793914795,1088.0822896957397,0.9190481358534287,178.29533835556518,1.0,3880,0,2025-10-25 18:12:57
architecture1,Qwen/Qwen2.5-1.5B-Instruct,arxiv,16.0,True,20,20,20,21.74845027923584,1087.422513961792,0.9196057532014058,178.40351612107273,1.0,3880,0,2025-10-25 18:13:21
architecture1,Qwen/Qwen2.5-1.5B-Instruct,arxiv,32.0,False,20,20,20,21.78020167350769,1089.0100836753845,0.9182651428029229,178.14343770376703,1.0,3880,0,2025-10-25 18:13:45
architecture1,Qwen/Qwen2.5-1.5B-Instruct,arxiv,32.0,True,20,20,20,21.882882356643677,1094.1441178321838,0.9139563826210476,177.30753822848322,1.0,3880,0,2025-10-25 18:14:09
architecture1,Qwen/Qwen2.5-1.5B-Instruct,arxiv,32.0,True,20,20,20,21.753942489624023,1087.6971244812012,0.9193735806527666,178.35847464663672,1.0,3880,0,2025-10-25 18:14:33
architecture1,Qwen/Qwen2.5-1.5B-Instruct,arxiv,32.0,True,20,20,20,21.650237560272217,1082.5118780136108,0.9237773924799619,179.2128141411126,1.0,3880,0,2025-10-25 18:14:57
architecture1,Qwen/Qwen2.5-1.5B-Instruct,arxiv,32.0,True,20,20,20,21.754862308502197,1087.7431154251099,0.9193347085531144,178.35093345930417,1.0,3880,0,2025-10-25 18:15:21
architecture1,Qwen/Qwen2.5-1.5B-Instruct,arxiv,32.0,True,20,20,20,21.770834922790527,1088.5417461395264,0.9186602200112798,178.2200826821883,1.0,3880,0,2025-10-25 18:15:45
architecture1,Qwen/Qwen2.5-1.5B-Instruct,arxiv,32.0,True,20,20,20,21.74738359451294,1087.369179725647,0.9196508588300333,178.41226661302645,1.0,3880,0,2025-10-25 18:16:09
architecture1,Qwen/Qwen2.5-1.5B-Instruct,arxiv,32.0,True,20,20,20,21.793515920639038,1089.675796031952,0.9177041498411677,178.0346050691865,1.0,3880,0,2025-10-25 18:16:33
architecture1,Qwen/Qwen2.5-1.5B-Instruct,arxiv,32.0,True,20,20,20,21.806406259536743,1090.3203129768372,0.9171616708394243,177.9293641428483,1.0,3880,0,2025-10-25 18:16:57
architecture1,Qwen/Qwen2.5-1.5B-Instruct,arxiv,64.0,False,20,20,20,21.7418372631073,1087.091863155365,0.9198854612869842,178.45777948967492,1.0,3880,0,2025-10-25 18:17:21
architecture1,Qwen/Qwen2.5-1.5B-Instruct,arxiv,64.0,True,20,20,20,21.629611492156982,1081.4805746078491,0.9246583096165232,179.3837120656055,1.0,3880,0,2025-10-25 18:17:44
architecture1,Qwen/Qwen2.5-1.5B-Instruct,arxiv,64.0,True,20,20,20,21.76151132583618,1088.075566291809,0.9190538148081268,178.2964400727766,1.0,3880,0,2025-10-25 18:18:08
architecture1,Qwen/Qwen2.5-1.5B-Instruct,arxiv,64.0,True,20,20,20,21.75944423675537,1087.9722118377686,0.9191411224656477,178.31337775833566,1.0,3880,0,2025-10-25 18:18:32
architecture1,Qwen/Qwen2.5-1.5B-Instruct,arxiv,64.0,True,20,20,20,21.89176630973816,1094.588315486908,0.9135854876681814,177.2355846076272,1.0,3880,0,2025-10-25 18:18:56
architecture1,Qwen/Qwen2.5-1.5B-Instruct,arxiv,64.0,True,20,20,20,21.76694965362549,1088.3474826812744,0.9188241953170877,178.251893891515,1.0,3880,0,2025-10-25 18:19:20
architecture1,Qwen/Qwen2.5-1.5B-Instruct,arxiv,64.0,True,20,20,20,21.716325283050537,1085.8162641525269,0.9209661275248019,178.66742873981156,1.0,3880,0,2025-10-25 18:19:44
architecture1,Qwen/Qwen2.5-1.5B-Instruct,arxiv,64.0,True,20,20,20,21.74027943611145,1087.0139718055725,0.9199513768336952,178.47056710573688,1.0,3880,0,2025-10-25 18:20:08
architecture1,Qwen/Qwen2.5-1.5B-Instruct,arxiv,64.0,True,20,20,20,21.86672019958496,1093.336009979248,0.9146319071837581,177.43858999364906,1.0,3880,0,2025-10-25 18:20:32
architecture1,Qwen/Qwen2.5-1.5B-Instruct,arxiv,80.0,False,20,20,20,21.754178524017334,1087.7089262008667,0.9193636053836433,178.3565394444268,1.0,3880,0,2025-10-25 18:20:56
architecture1,Qwen/Qwen2.5-1.5B-Instruct,arxiv,80.0,True,20,20,20,21.666694402694702,1083.334720134735,0.9230757414251703,179.07669383648303,1.0,3880,0,2025-10-25 18:21:20
architecture1,Qwen/Qwen2.5-1.5B-Instruct,arxiv,80.0,True,20,20,20,21.69524908065796,1084.762454032898,0.9218608150404076,178.84099811783906,1.0,3880,0,2025-10-25 18:21:43
architecture1,Qwen/Qwen2.5-1.5B-Instruct,arxiv,80.0,True,20,20,20,21.896580934524536,1094.8290467262268,0.9133846083004594,177.19661401028912,1.0,3880,0,2025-10-25 18:22:07
architecture1,Qwen/Qwen2.5-1.5B-Instruct,arxiv,80.0,True,20,20,20,21.975669384002686,1098.7834692001343,0.910097419583456,176.55889939919047,1.0,3880,0,2025-10-25 18:22:31
architecture1,Qwen/Qwen2.5-1.5B-Instruct,arxiv,80.0,True,20,20,20,21.857995986938477,1092.8997993469238,0.9149969655018353,177.50941130735606,1.0,3880,0,2025-10-25 18:22:55
architecture1,Qwen/Qwen2.5-1.5B-Instruct,arxiv,80.0,True,20,20,20,21.73343300819397,1086.6716504096985,0.920241178301632,178.5267885905166,1.0,3880,0,2025-10-25 18:23:19
architecture1,Qwen/Qwen2.5-1.5B-Instruct,arxiv,80.0,True,20,20,20,21.796162843704224,1089.8081421852112,0.9175927039734408,178.01298457084752,1.0,3880,0,2025-10-25 18:23:43
architecture1,Qwen/Qwen2.5-1.5B-Instruct,arxiv,80.0,True,20,20,20,22.052005529403687,1102.6002764701843,0.9069469882606557,175.9477157225672,1.0,3880,0,2025-10-25 18:24:07
architecture1,Qwen/Qwen2.5-1.5B-Instruct,wikipedia,0.5,False,10,10,10,11.275928020477295,1127.5928020477295,0.8868449658280733,94.98109584018664,1.0,1071,0,2025-10-25 18:24:31
architecture1,Qwen/Qwen2.5-1.5B-Instruct,wikipedia,0.5,True,10,10,10,11.232108116149902,1123.2108116149902,0.8903048204834909,95.35164627378188,1.0,1071,0,2025-10-25 18:24:45
architecture1,Qwen/Qwen2.5-1.5B-Instruct,wikipedia,0.5,True,10,10,10,11.218219995498657,1121.8219995498657,0.8914070150177593,95.46969130840203,1.0,1071,0,2025-10-25 18:24:58
architecture1,Qwen/Qwen2.5-1.5B-Instruct,wikipedia,0.5,True,10,10,10,11.240516901016235,1124.0516901016235,0.8896388029180329,95.28031579252132,1.0,1071,0,2025-10-25 18:25:12
architecture1,Qwen/Qwen2.5-1.5B-Instruct,wikipedia,0.5,True,10,10,10,11.1850266456604,1118.50266456604,0.8940524074549102,95.75301283842089,1.0,1071,0,2025-10-25 18:25:25
architecture1,Qwen/Qwen2.5-1.5B-Instruct,wikipedia,0.5,True,10,10,10,11.253766298294067,1125.3766298294067,0.8885914044186147,95.16813941323363,1.0,1071,0,2025-10-25 18:25:38
architecture1,Qwen/Qwen2.5-1.5B-Instruct,wikipedia,0.5,True,10,10,10,11.31787395477295,1131.787395477295,0.8835581700203351,94.62908000917788,1.0,1071,0,2025-10-25 18:25:52
architecture1,Qwen/Qwen2.5-1.5B-Instruct,wikipedia,0.5,True,10,10,10,11.261168003082275,1126.1168003082275,0.8880073538786489,95.1055876004033,1.0,1071,0,2025-10-25 18:26:05
architecture1,Qwen/Qwen2.5-1.5B-Instruct,wikipedia,0.5,True,10,10,10,11.246204376220703,1124.6204376220703,0.889188891244435,95.23213025227899,1.0,1071,0,2025-10-25 18:26:19
architecture1,Qwen/Qwen2.5-1.5B-Instruct,wikipedia,1.0,False,5,5,5,11.594255208969116,2318.8510417938232,0.43124805430641944,92.80458128674147,1.0,1076,0,2025-10-25 18:26:32
architecture1,Qwen/Qwen2.5-1.5B-Instruct,wikipedia,1.0,True,5,5,5,11.646470785140991,2329.2941570281982,0.4293146045907048,92.38850290791967,1.0,1076,0,2025-10-25 18:26:46
architecture1,Qwen/Qwen2.5-1.5B-Instruct,wikipedia,1.0,True,5,5,5,11.593109130859375,2318.621826171875,0.4312906868693782,92.81375581429019,1.0,1076,0,2025-10-25 18:27:00
architecture1,Qwen/Qwen2.5-1.5B-Instruct,wikipedia,1.0,True,5,5,5,11.618798971176147,2323.7597942352295,0.43033707807527893,92.60853920180001,1.0,1076,0,2025-10-25 18:27:13
architecture1,Qwen/Qwen2.5-1.5B-Instruct,wikipedia,1.0,True,5,5,5,11.620363473892212,2324.0726947784424,0.43027913982498367,92.59607089033649,1.0,1076,0,2025-10-25 18:27:27
architecture1,Qwen/Qwen2.5-1.5B-Instruct,wikipedia,1.0,True,5,5,5,11.617095947265625,2323.419189453125,0.4304001639219374,92.62211527600094,1.0,1076,0,2025-10-25 18:27:41
architecture1,Qwen/Qwen2.5-1.5B-Instruct,wikipedia,1.0,True,5,5,5,11.712722539901733,2342.5445079803467,0.42688623272398873,91.86591728220237,1.0,1076,0,2025-10-25 18:27:55
architecture1,Qwen/Qwen2.5-1.5B-Instruct,wikipedia,1.0,True,5,5,5,11.615819692611694,2323.163938522339,0.4304474528973859,92.63229186351745,1.0,1076,0,2025-10-25 18:28:08
architecture1,Qwen/Qwen2.5-1.5B-Instruct,wikipedia,1.0,True,5,5,5,11.675585985183716,2335.117197036743,0.4282440304362441,92.15811534987972,1.0,1076,0,2025-10-25 18:28:22
architecture1,Qwen/Qwen2.5-1.5B-Instruct,wikipedia,2.0,False,5,5,5,11.658575296401978,2331.7150592803955,0.42886886886968767,92.29258058075679,1.0,1076,0,2025-10-25 18:28:36
architecture1,Qwen/Qwen2.5-1.5B-Instruct,wikipedia,2.0,True,5,5,5,11.62340259552002,2324.680519104004,0.430166636568808,92.57186018960748,1.0,1076,0,2025-10-25 18:28:50
architecture1,Qwen/Qwen2.5-1.5B-Instruct,wikipedia,2.0,True,5,5,5,11.593162298202515,2318.632459640503,0.4312887089293346,92.8133301615928,1.0,1076,0,2025-10-25 18:29:04
architecture1,Qwen/Qwen2.5-1.5B-Instruct,wikipedia,2.0,True,5,5,5,11.736433267593384,2347.2866535186768,0.4260238085966023,91.68032360998883,1.0,1076,0,2025-10-25 18:29:17
architecture1,Qwen/Qwen2.5-1.5B-Instruct,wikipedia,2.0,True,5,5,5,11.672035217285156,2334.4070434570312,0.42837430721554737,92.1861509127858,1.0,1076,0,2025-10-25 18:29:31
architecture1,Qwen/Qwen2.5-1.5B-Instruct,wikipedia,2.0,True,5,5,5,11.616319417953491,2323.2638835906982,0.43042893537106924,92.62830689185411,1.0,1076,0,2025-10-25 18:29:45
architecture1,Qwen/Qwen2.5-1.5B-Instruct,wikipedia,2.0,True,5,5,5,11.7419753074646,2348.39506149292,0.4258227316166645,91.6370518439062,1.0,1076,0,2025-10-25 18:29:59
architecture1,Qwen/Qwen2.5-1.5B-Instruct,wikipedia,2.0,True,5,5,5,11.621862411499023,2324.3724822998047,0.4302236442803563,92.58412824913268,1.0,1076,0,2025-10-25 18:30:13
architecture1,Qwen/Qwen2.5-1.5B-Instruct,wikipedia,2.0,True,5,5,5,11.636492013931274,2327.298402786255,0.4296827595476344,92.46772985465093,1.0,1076,0,2025-10-25 18:30:26
architecture1,Qwen/Qwen2.5-1.5B-Instruct,wikipedia,4.0,False,5,5,5,11.654690742492676,2330.938148498535,0.429011812537431,92.32334205805515,1.0,1076,0,2025-10-25 18:30:40
architecture1,Qwen/Qwen2.5-1.5B-Instruct,wikipedia,4.0,True,5,5,5,11.61885380744934,2323.770761489868,0.4303350470589696,92.60810212709025,1.0,1076,0,2025-10-25 18:30:54
architecture1,Qwen/Qwen2.5-1.5B-Instruct,wikipedia,4.0,True,5,5,5,11.630905628204346,2326.181125640869,0.4298891384584239,92.51214259625283,1.0,1076,0,2025-10-25 18:31:08
architecture1,Qwen/Qwen2.5-1.5B-Instruct,wikipedia,4.0,True,5,5,5,11.611562967300415,2322.312593460083,0.43060525220253404,92.66625027398533,1.0,1076,0,2025-10-25 18:31:22
architecture1,Qwen/Qwen2.5-1.5B-Instruct,wikipedia,4.0,True,5,5,5,11.796496152877808,2359.2992305755615,0.4238546713534279,91.2135252752577,1.0,1076,0,2025-10-25 18:31:35
architecture1,Qwen/Qwen2.5-1.5B-Instruct,wikipedia,4.0,True,5,5,5,11.628828287124634,2325.7656574249268,0.4299659326413796,92.52866870442489,1.0,1076,0,2025-10-25 18:31:49
architecture1,Qwen/Qwen2.5-1.5B-Instruct,wikipedia,4.0,True,5,5,5,11.628909349441528,2325.7818698883057,0.4299629354527664,92.52802370943533,1.0,1076,0,2025-10-25 18:32:03
architecture1,Qwen/Qwen2.5-1.5B-Instruct,wikipedia,4.0,True,5,5,5,11.719212532043457,2343.8425064086914,0.4266498270535383,91.81504278192145,1.0,1076,0,2025-10-25 18:32:17
architecture1,Qwen/Qwen2.5-1.5B-Instruct,wikipedia,4.0,True,5,5,5,11.637164115905762,2327.4328231811523,0.42965794330991375,92.46238940029343,1.0,1076,0,2025-10-25 18:32:31
architecture1,Qwen/Qwen2.5-1.5B-Instruct,wikipedia,8.0,False,5,5,5,11.620759725570679,2324.1519451141357,0.43026446790719247,92.59291349362782,1.0,1076,0,2025-10-25 18:32:44
architecture1,Qwen/Qwen2.5-1.5B-Instruct,wikipedia,8.0,True,5,5,5,11.611685037612915,2322.337007522583,0.43060072537309196,92.66527610028939,1.0,1076,0,2025-10-25 18:32:58
architecture1,Qwen/Qwen2.5-1.5B-Instruct,wikipedia,8.0,True,5,5,5,11.663972854614258,2332.7945709228516,0.4286704077866577,92.24987175568874,1.0,1076,0,2025-10-25 18:33:12
architecture1,Qwen/Qwen2.5-1.5B-Instruct,wikipedia,8.0,True,5,5,5,11.636077404022217,2327.2154808044434,0.42969806975258357,92.47102461075599,1.0,1076,0,2025-10-25 18:33:26
architecture1,Qwen/Qwen2.5-1.5B-Instruct,wikipedia,8.0,True,5,5,5,11.740258693695068,2348.0517387390137,0.42588499371697625,91.6504506478933,1.0,1076,0,2025-10-25 18:33:40
architecture1,Qwen/Qwen2.5-1.5B-Instruct,wikipedia,8.0,True,5,5,5,11.60200309753418,2320.400619506836,0.4309600642205198,92.74260582025586,1.0,1076,0,2025-10-25 18:33:53
architecture1,Qwen/Qwen2.5-1.5B-Instruct,wikipedia,8.0,True,5,5,5,11.651382684707642,2330.2765369415283,0.42913361746863443,92.34955447925013,1.0,1076,0,2025-10-25 18:34:07
architecture1,Qwen/Qwen2.5-1.5B-Instruct,wikipedia,8.0,True,5,5,5,11.625495433807373,2325.0990867614746,0.43008919735668333,92.55519527115825,1.0,1076,0,2025-10-25 18:34:21
architecture1,Qwen/Qwen2.5-1.5B-Instruct,wikipedia,8.0,True,5,5,5,11.612300157546997,2322.4600315093994,0.43057791584472865,92.6603674897856,1.0,1076,0,2025-10-25 18:34:35
architecture1,Qwen/Qwen2.5-1.5B-Instruct,wikipedia,16.0,False,5,5,5,11.593034267425537,2318.6068534851074,0.43129347198163237,92.81435517044729,1.0,1076,0,2025-10-25 18:34:49
architecture1,Qwen/Qwen2.5-1.5B-Instruct,wikipedia,16.0,True,5,5,5,11.61097764968872,2322.195529937744,0.43062695931845546,92.6709216453316,1.0,1076,0,2025-10-25 18:35:02
architecture1,Qwen/Qwen2.5-1.5B-Instruct,wikipedia,16.0,True,5,5,5,11.687258005142212,2337.4516010284424,0.4278163447576906,92.06607739185502,1.0,1076,0,2025-10-25 18:35:16
architecture1,Qwen/Qwen2.5-1.5B-Instruct,wikipedia,16.0,True,5,5,5,11.639855146408081,2327.971029281616,0.42955861023261444,92.44101292205862,1.0,1076,0,2025-10-25 18:35:30
architecture1,Qwen/Qwen2.5-1.5B-Instruct,wikipedia,16.0,True,5,5,5,11.71476125717163,2342.952251434326,0.4268119418088066,91.84992987725518,1.0,1076,0,2025-10-25 18:35:44
architecture1,Qwen/Qwen2.5-1.5B-Instruct,wikipedia,16.0,True,5,5,5,11.609441757202148,2321.8883514404297,0.4306839299054281,92.68318171564812,1.0,1076,0,2025-10-25 18:35:58
architecture1,Qwen/Qwen2.5-1.5B-Instruct,wikipedia,16.0,True,5,5,5,11.633089065551758,2326.6178131103516,0.42980845172123244,92.49477881040923,1.0,1076,0,2025-10-25 18:36:11
architecture1,Qwen/Qwen2.5-1.5B-Instruct,wikipedia,16.0,True,5,5,5,11.619398355484009,2323.8796710968018,0.4303148792243748,92.60376200908544,1.0,1076,0,2025-10-25 18:36:25
architecture1,Qwen/Qwen2.5-1.5B-Instruct,wikipedia,16.0,True,5,5,5,11.62428879737854,2324.857759475708,0.43013384191965176,92.56480278110907,1.0,1076,0,2025-10-25 18:36:39
architecture1,Qwen/Qwen2.5-1.5B-Instruct,wikipedia,32.0,False,5,5,5,11.644138813018799,2328.8277626037598,0.4294005834428666,92.40700555690489,1.0,1076,0,2025-10-25 18:36:53
architecture1,Qwen/Qwen2.5-1.5B-Instruct,wikipedia,32.0,True,5,5,5,11.612807512283325,2322.561502456665,0.430559104222756,92.65631922873709,1.0,1076,0,2025-10-25 18:37:06
architecture1,Qwen/Qwen2.5-1.5B-Instruct,wikipedia,32.0,True,5,5,5,11.610924243927002,2322.1848487854004,0.4306289400359501,92.67134789573646,1.0,1076,0,2025-10-25 18:37:20
architecture1,Qwen/Qwen2.5-1.5B-Instruct,wikipedia,32.0,True,5,5,5,11.633461236953735,2326.692247390747,0.42979470152163146,92.49181976745508,1.0,1076,0,2025-10-25 18:37:34
architecture1,Qwen/Qwen2.5-1.5B-Instruct,wikipedia,32.0,True,5,5,5,11.712068796157837,2342.4137592315674,0.42691006064105924,91.87104504995595,1.0,1076,0,2025-10-25 18:37:48
architecture1,Qwen/Qwen2.5-1.5B-Instruct,wikipedia,32.0,True,5,5,5,11.619056701660156,2323.8113403320312,0.4303275324653153,92.60648498653585,1.0,1076,0,2025-10-25 18:38:02
architecture1,Qwen/Qwen2.5-1.5B-Instruct,wikipedia,32.0,True,5,5,5,11.610214471817017,2322.0428943634033,0.43065526585552316,92.67701321210859,1.0,1076,0,2025-10-25 18:38:15
architecture1,Qwen/Qwen2.5-1.5B-Instruct,wikipedia,32.0,True,5,5,5,11.602292776107788,2320.4585552215576,0.430949304287195,92.74029028260438,1.0,1076,0,2025-10-25 18:38:29
architecture1,Qwen/Qwen2.5-1.5B-Instruct,wikipedia,32.0,True,5,5,5,11.591572284698486,2318.3144569396973,0.43134786870977593,92.82606134634378,1.0,1076,0,2025-10-25 18:38:43
architecture1,Qwen/Qwen2.5-1.5B-Instruct,wikipedia,64.0,False,5,5,5,11.587562561035156,2317.5125122070312,0.4314971309680966,92.8581825843344,1.0,1076,0,2025-10-25 18:38:57
architecture1,Qwen/Qwen2.5-1.5B-Instruct,wikipedia,64.0,True,5,5,5,11.617832660675049,2323.5665321350098,0.4303728712606089,92.61624189528304,1.0,1076,0,2025-10-25 18:39:10
architecture1,Qwen/Qwen2.5-1.5B-Instruct,wikipedia,64.0,True,5,5,5,11.6341552734375,2326.8310546875,0.4297690620835825,92.48630216038696,1.0,1076,0,2025-10-25 18:39:24
architecture1,Qwen/Qwen2.5-1.5B-Instruct,wikipedia,64.0,True,5,5,5,11.618430376052856,2323.6860752105713,0.43035073053462286,92.61147721105084,1.0,1076,0,2025-10-25 18:39:38
architecture1,Qwen/Qwen2.5-1.5B-Instruct,wikipedia,64.0,True,5,5,5,11.701076745986938,2340.2153491973877,0.4273111020927904,91.95734917036849,1.0,1076,0,2025-10-25 18:39:52
architecture1,Qwen/Qwen2.5-1.5B-Instruct,wikipedia,64.0,True,5,5,5,11.60046648979187,2320.093297958374,0.4310171495603111,92.75489058537896,1.0,1076,0,2025-10-25 18:40:05
architecture1,Qwen/Qwen2.5-1.5B-Instruct,wikipedia,64.0,True,5,5,5,11.646498441696167,2329.2996883392334,0.42931358511149315,92.38828351599334,1.0,1076,0,2025-10-25 18:40:19
architecture1,Qwen/Qwen2.5-1.5B-Instruct,wikipedia,64.0,True,5,5,5,11.623689651489258,2324.7379302978516,0.4301560132723766,92.56957405621544,1.0,1076,0,2025-10-25 18:40:33
architecture1,Qwen/Qwen2.5-1.5B-Instruct,wikipedia,64.0,True,5,5,5,11.698691606521606,2339.7383213043213,0.42739822265360655,91.97609751505614,1.0,1076,0,2025-10-25 18:40:47
architecture1,Qwen/Qwen2.5-1.5B-Instruct,wikipedia,80.0,False,5,5,5,11.63559627532959,2327.119255065918,0.42971583764909976,92.47484826208627,1.0,1076,0,2025-10-25 18:41:01
architecture1,Qwen/Qwen2.5-1.5B-Instruct,wikipedia,80.0,True,5,5,5,11.592717170715332,2318.5434341430664,0.43130526919354434,92.81689393045075,1.0,1076,0,2025-10-25 18:41:14
architecture1,Qwen/Qwen2.5-1.5B-Instruct,wikipedia,80.0,True,5,5,5,11.718026399612427,2343.6052799224854,0.4266930137796391,91.82433656537833,1.0,1076,0,2025-10-25 18:41:28
architecture1,Qwen/Qwen2.5-1.5B-Instruct,wikipedia,80.0,True,5,5,5,11.690427303314209,2338.085460662842,0.4277003628928526,92.04111809454189,1.0,1076,0,2025-10-25 18:41:42
architecture1,Qwen/Qwen2.5-1.5B-Instruct,wikipedia,80.0,True,5,5,5,11.60905146598816,2321.810293197632,0.4306984093100841,92.6862976835301,1.0,1076,0,2025-10-25 18:41:56
architecture1,Qwen/Qwen2.5-1.5B-Instruct,wikipedia,80.0,True,5,5,5,11.705454111099243,2341.0908222198486,0.42715130507059473,91.92296085119199,1.0,1076,0,2025-10-25 18:42:10
architecture1,Qwen/Qwen2.5-1.5B-Instruct,wikipedia,80.0,True,5,5,5,11.720365285873413,2344.0730571746826,0.42660786400800266,91.80601233452217,1.0,1076,0,2025-10-25 18:42:23
architecture1,Qwen/Qwen2.5-1.5B-Instruct,wikipedia,80.0,True,5,5,5,11.667044878005981,2333.4089756011963,0.4285575355440436,92.22558164907818,1.0,1076,0,2025-10-25 18:42:37
architecture1,Qwen/Qwen2.5-1.5B-Instruct,wikipedia,80.0,True,5,5,5,11.58436107635498,2316.872215270996,0.4316163806569857,92.88384511738333,1.0,1076,0,2025-10-25 18:42:51
